date,symbol,ticker,name,stages,primary_stage,stage_labels,matched_all_stages,close,change_pct,open,high,low,volume,turnover_twd,ma5,ma10,ma20,ma60,ma120,high_60,low_60,range_60_pct,dist_to_high_60_pct,avg_vol_5,avg_vol_20,vol_ratio_20,ma5_slope_pct,revenue_month,revenue_twd,revenue_yoy_pct,revenue_mom_pct,revenue_ytd_yoy_pct,reasons,scanned_at
2026-09-29,1101,1101.TW,台泥,0,0,蓄勢,0,25.3,0.2,25.4,25.6,25.05,31444709,795551113,24.98,24.545,24.5825,24.1875,24.3137,26.1,22.4,16.52,3.07,48467880,57766056,0.54,3.61,2026-08,13515534.0,10.65,-1.66,2.7,S0:距60日高3.1%｜5MA斜率3.61%｜量比0.54（未爆量）,2026-09-29T20:45:26
2026-09-29,1303,1303.TW,南亞,0,0,蓄勢,0,247.0,3.78,236.0,248.0,235.5,77816717,19220729099,236.7,233.7,233.925,203.375,154.8433,251.5,135.5,85.61,1.79,63386598,77455247,1.0,2.6,2026-08,30601161.0,46.75,0.09,23.17,S0:距60日高1.8%｜5MA斜率2.60%｜量比1.00（未爆量）,2026-09-29T20:46:47
2026-09-29,1560,1560.TW,中砂,0,0,蓄勢,0,956.0,-1.54,960.0,977.0,955.0,1039756,994006736,949.2,868.6,796.15,723.4,680.85,992.0,568.0,74.65,3.63,3111194,2086978,0.5,20.46,2026-08,899115.0,30.38,1.44,24.45,S0:距60日高3.6%｜5MA斜率20.46%｜量比0.50（未爆量）,2026-09-29T20:51:10
2026-09-29,1569,1569.TWO,濱川,3,3,主升段,3,65.0,0.46,65.0,66.3,63.3,4352486,282911590,63.64,57.48,52.8425,46.745,49.6596,68.0,36.35,87.07,4.41,7888258,2902258,1.5,24.01,2026-08,208971.0,-25.28,0.84,-7.65,S3:多頭排列｜5MA斜率24.01%｜距60日高4.4%,2026-09-29T20:51:19
2026-09-29,1595,1595.TWO,川寶,3,3,主升段,3,77.6,0.26,77.4,83.0,76.4,2082159,161575535,75.32,69.35,67.98,63.775,70.0737,81.5,45.0,81.11,4.79,2609679,970419,2.15,18.84,2026-08,87427.0,35.61,-21.6,27.77,S3:多頭排列｜5MA斜率18.84%｜距60日高4.8%,2026-09-29T20:51:49
2026-09-29,1727,1727.TW,中華化,3,3,主升段,3,118.5,2.6,113.0,122.0,104.0,29589384,3506342004,111.9,104.44,98.52,88.0483,85.3167,125.0,61.7,102.59,5.2,22526018,9765377,3.03,15.38,2026-08,256624.0,62.67,9.09,26.37,S3:多頭排列｜5MA斜率15.38%｜距60日高5.2%,2026-09-29T20:53:15
2026-09-29,2006,2006.TW,東和鋼鐵,0,0,蓄勢,0,85.4,-2.73,87.9,88.0,85.4,1952917,166779114,86.12,84.48,83.105,78.94,73.415,89.2,67.8,31.56,4.26,1679648,1739660,1.12,3.96,2026-08,5234484.0,15.12,0.72,2.35,S0:距60日高4.3%｜5MA斜率3.96%｜量比1.12（未爆量）,2026-09-29T20:55:07
2026-09-29,2020,2020.TW,美亞,2,2,黃金發動期,2,24.3,9.95,22.5,24.3,22.5,5688335,138226536,22.18,21.815,21.795,21.5325,21.805,22.3,20.85,6.95,-8.97,1414247,561285,10.13,3.4,2026-08,272115.0,-37.05,-4.2,-21.62,S2:量能10.1x｜創60日新高｜站上60/120MA｜實體長紅+向上跳空,2026-09-29T20:55:32
2026-09-29,2030,2030.TW,彰源,3,3,主升段,3,33.4,9.87,33.4,33.4,33.4,5201136,173717950,28.7,26.005,24.62,21.0042,19.2754,30.4,16.6,83.13,-9.87,12857308,5090515,1.02,23.12,2026-08,1175065.0,57.69,8.99,20.41,S3:多頭排列｜5MA斜率23.12%｜距60日高-9.9%,2026-09-29T20:55:53
2026-09-29,2032,2032.TW,新鋼,2,2,黃金發動期,2,19.9,7.28,18.9,20.4,18.8,12288143,244534041,18.09,17.45,17.2775,16.74,16.8537,19.0,15.0,26.67,-4.74,3552043,1081747,11.36,7.61,2026-08,268401.0,-5.26,1.8,6.4,S2:量能11.4x｜創60日新高｜站上60/120MA｜實體長紅,2026-09-29T20:55:59
2026-09-29,2033,2033.TW,佳大,3,3,主升段,"0,3",38.5,4.62,36.8,39.95,36.5,2667039,102681001,36.77,32.88,29.47,21.8233,18.8208,40.25,14.45,178.55,4.35,3484977,2319573,1.15,26.84,2026-08,51386.0,9.66,-3.23,-5.05,S3:多頭排列｜5MA斜率26.84%｜距60日高4.3%,2026-09-29T20:56:01
2026-09-29,2034,2034.TW,允強,3,3,主升段,3,23.4,2.63,23.1,25.0,22.85,17647067,412941361,22.32,21.555,21.1125,20.2608,20.3683,23.3,17.95,29.81,-0.43,7564658,2809106,6.28,7.36,2026-08,1270580.0,26.75,-6.17,-0.04,S3:多頭排列｜5MA斜率7.36%｜距60日高-0.4%,2026-09-29T20:56:04
2026-09-29,2069,2069.TW,運錩,3,3,主升段,3,26.5,3.11,25.95,27.2,25.9,2246335,59527877,25.38,24.595,23.24,20.5358,19.8363,27.55,17.55,56.98,3.81,2593460,1679566,1.34,6.59,2026-08,886938.0,18.86,11.29,-3.17,S3:多頭排列｜5MA斜率6.59%｜距60日高3.8%,2026-09-29T20:56:35
2026-09-29,2347,2347.TW,聯強,3,3,主升段,3,94.5,0.0,94.5,100.0,94.1,4616449,436254430,92.64,91.03,89.485,88.9767,87.7317,98.3,80.3,22.42,3.87,3078467,2991274,1.54,3.6,2026-08,74215271.0,122.02,2.59,89.66,S3:多頭排列｜5MA斜率3.60%｜距60日高3.9%,2026-09-29T20:59:10
2026-09-29,2371,2371.TW,大同,3,3,主升段,"0,3",29.35,1.73,28.9,29.65,28.65,8965754,263144883,29.33,28.955,28.475,27.2083,28.4279,30.35,23.3,30.26,3.29,11447623,9482381,0.95,2.62,2026-08,4383050.0,-11.49,19.17,-0.69,S3:多頭排列｜5MA斜率2.62%｜距60日高3.3%,2026-09-29T20:59:58
2026-09-29,2395,2395.TW,研華,3,3,主升段,3,730.0,1.11,714.0,754.0,712.0,3526124,2574070520,712.4,698.8,688.8,631.2083,538.7333,728.0,493.0,47.67,-0.27,2347392,2993092,1.18,3.97,2026-08,10419341.0,87.52,-7.57,45.88,S3:多頭排列｜5MA斜率3.97%｜距60日高-0.3%,2026-09-29T21:00:35
2026-09-29,2409,2409.TW,友達,3,3,主升段,"0,3",35.05,2.49,34.4,35.8,33.8,538490899,18874105599,34.79,32.03,30.165,27.5533,25.0608,36.65,22.0,66.59,4.37,800429055,462736788,1.16,18.86,2026-08,23101650.0,-5.86,13.41,-1.82,S3:多頭排列｜5MA斜率18.86%｜距60日高4.4%,2026-09-29T21:00:56
2026-09-29,2412,2412.TW,中華電,1,1,潛伏期,"0,1",144.0,-0.69,146.0,146.0,143.0,10464657,1506910608,144.8,144.4,141.275,138.5333,138.8125,146.0,132.0,10.61,1.37,7872348,11830014,0.88,0.56,2026-08,23309496.0,25.61,17.22,9.5,S1:60日震盪10.6%｜5日量/20日量=0.67｜區間位置86%,2026-09-29T21:00:58
2026-09-29,2436,2436.TW,偉詮電,3,3,主升段,3,75.9,4.83,71.8,76.5,71.5,12108629,919044959,71.78,69.66,68.465,64.795,68.3642,79.3,49.7,59.56,4.29,8423646,6199907,1.95,6.28,2026-08,428927.0,32.15,6.27,30.41,S3:多頭排列｜5MA斜率6.28%｜距60日高4.3%,2026-09-29T21:01:48
2026-09-29,2474,2474.TW,可成,0,0,蓄勢,0,205.5,-0.48,207.0,207.0,205.0,1549150,318350325,208.4,207.6,207.625,198.9667,203.025,214.5,177.0,21.19,4.2,2118667,2598730,0.6,0.77,2026-08,1003130.0,-40.46,-5.05,-33.11,S0:距60日高4.2%｜5MA斜率0.77%｜量比0.60（未爆量）,2026-09-29T21:02:45
2026-09-29,2851,2851.TW,中再保,0,0,蓄勢,0,47.05,-0.95,47.45,48.1,46.75,1813485,85324467,47.61,47.24,46.6725,40.9392,37.5888,48.5,32.95,47.19,2.99,2358448,3026785,0.6,1.58,2026-08,1525507.0,-31.48,66.11,75.57,S0:距60日高3.0%｜5MA斜率1.58%｜量比0.60（未爆量）,2026-09-29T21:07:42
2026-09-29,2883,2883.TW,凱基金,0,0,蓄勢,0,38.95,0.0,39.3,39.75,38.85,37419354,1457483866,39.4,39.205,37.75,33.0058,28.6108,40.8,27.6,47.83,4.53,38445866,49187122,0.76,1.0,2026-08,13671344.0,-51.73,60.64,4170.37,S0:距60日高4.5%｜5MA斜率1.00%｜量比0.76（未爆量）,2026-09-29T21:07:55
2026-09-29,2903,2903.TW,遠百,0,0,蓄勢,0,21.9,-0.9,22.1,22.2,21.9,1113297,24381203,22.19,22.09,22.215,22.2142,22.4421,23.05,21.55,6.96,4.99,823498,1108855,1.0,0.91,2026-08,2615081.0,-0.64,8.17,-0.5,S0:距60日高5.0%｜5MA斜率0.91%｜量比1.00（未爆量）,2026-09-29T21:08:20
2026-09-29,3016,3016.TW,嘉晶,2,2,黃金發動期,"2,3",172.5,7.81,165.0,176.0,161.5,74996976,12936978360,146.2,130.1,116.44,107.9136,107.2485,160.0,72.7,120.08,-7.81,39325010,18763081,4.0,28.25,2026-08,506698.0,57.79,5.11,34.73,S2:量能4.0x｜創60日新高｜站上60/120MA｜實體長紅+向上跳空,2026-09-29T21:09:46
2026-09-29,3035,3035.TW,智原,3,3,主升段,3,210.0,1.69,208.0,217.0,204.5,7004027,1470845670,202.9,190.0,184.075,183.975,187.7417,225.0,146.5,53.58,6.67,7630852,4106105,1.71,14.57,2026-08,1183747.0,29.88,11.45,-41.07,S3:多頭排列｜5MA斜率14.57%｜距60日高6.7%,2026-09-29T21:10:33
2026-09-29,3044,3044.TW,健鼎,0,0,蓄勢,0,521.0,-3.16,530.0,535.0,520.0,2229600,1161621600,533.0,518.95,508.2,457.65,471.0083,547.0,327.0,67.28,4.75,2441104,2778963,0.8,5.57,2026-08,10224358.0,65.48,4.1,38.72,S0:距60日高4.8%｜5MA斜率5.57%｜量比0.80（未爆量）,2026-09-29T21:10:52
2026-09-29,3066,3066.TWO,李洲,3,3,主升段,3,29.5,7.66,27.5,29.95,27.25,2769100,81688450,28.18,27.255,25.88,24.3875,22.5533,31.45,18.85,66.84,6.2,2232065,2075058,1.33,7.03,2026-08,18481.0,18.89,-13.97,3.5,S3:多頭排列｜5MA斜率7.03%｜距60日高6.2%,2026-09-29T21:11:36
2026-09-29,3094,3094.TW,聯傑,3,3,主升段,3,59.7,9.94,53.0,59.7,52.7,9966589,595005370,55.54,50.72,46.4275,40.3075,36.27,57.8,29.6,95.27,-3.29,16649843,10770278,0.93,21.0,2026-08,20698.0,30.21,-5.21,17.1,S3:多頭排列｜5MA斜率21.00%｜距60日高-3.3%,2026-09-29T21:12:08
2026-09-29,3105,3105.TWO,穩懋,0,0,蓄勢,0,493.0,-1.79,496.5,498.5,484.5,15114217,7451308981,496.7,482.5,469.25,402.825,450.375,518.0,262.0,97.71,4.83,23951855,30043231,0.5,6.06,2026-08,1937397.0,30.55,2.4,33.01,S0:距60日高4.8%｜5MA斜率6.06%｜量比0.50（未爆量）,2026-09-29T21:12:12
2026-09-29,3162,3162.TWO,精確,3,3,主升段,3,80.9,9.92,75.1,80.9,75.1,4036273,326534491,76.06,74.46,72.885,69.7633,75.5658,87.4,55.0,58.91,7.44,1487109,1504478,2.68,4.39,2026-08,1137089.0,101.19,5.66,33.42,S3:多頭排列｜5MA斜率4.39%｜距60日高7.4%,2026-09-29T21:12:50
2026-09-29,3167,3167.TW,大量,3,3,主升段,3,903.0,-4.85,936.0,946.0,895.0,4743925,4283764275,882.4,848.9,839.35,746.7417,761.6542,971.0,434.5,123.48,7.0,5473509,5123333,0.93,8.22,2026-08,1219982.0,152.98,6.37,135.15,S3:多頭排列｜5MA斜率8.22%｜距60日高7.0%,2026-09-29T21:13:00
2026-09-29,3169,3169.TWO,亞信,3,3,主升段,"0,3",115.5,0.87,114.0,118.5,113.5,461031,53249080,110.6,105.9,105.15,102.7667,105.765,121.0,92.8,30.39,4.55,670307,426774,1.08,9.29,2026-08,87908.0,9.62,-3.66,5.36,S3:多頭排列｜5MA斜率9.29%｜距60日高4.5%,2026-09-29T21:13:04
2026-09-29,3189,3189.TW,景碩,0,0,蓄勢,0,955.0,-0.73,960.0,969.0,939.0,14863343,14194492565,911.8,860.9,840.85,803.6833,702.7167,996.0,541.0,84.1,4.12,26796569,19087600,0.78,12.57,2026-08,4809631.0,40.58,5.73,32.09,S0:距60日高4.1%｜5MA斜率12.57%｜量比0.78（未爆量）,2026-09-29T21:13:17
2026-09-29,3219,3219.TWO,倚強科,3,3,主升段,3,125.5,9.61,123.5,125.5,120.5,1423023,178589386,110.34,97.43,93.585,78.0367,76.0942,114.5,53.3,114.82,-9.61,3027175,1336419,1.06,30.55,2026-08,247259.0,19.73,1.68,32.2,S3:多頭排列｜5MA斜率30.55%｜距60日高-9.6%,2026-09-29T21:13:39
2026-09-29,3293,3293.TWO,鈊象,0,0,蓄勢,0,779.0,2.37,774.0,796.0,766.0,3240809,2524590211,744.0,727.7,718.05,733.5333,747.025,810.0,682.0,18.77,3.83,2267125,2914460,1.11,4.58,2026-08,2268408.0,24.8,1.78,18.09,S0:距60日高3.8%｜5MA斜率4.58%｜量比1.11（未爆量）,2026-09-29T21:14:50
2026-09-29,3311,3311.TW,閎暉,0,0,蓄勢,0,38.15,0.26,38.45,38.5,37.55,298506,11388004,37.47,37.295,34.8025,33.9517,34.4142,39.6,31.0,27.74,3.66,615238,797083,0.37,0.94,2026-08,421603.0,104.38,79.76,15.6,S0:距60日高3.7%｜5MA斜率0.94%｜量比0.37（未爆量）,2026-09-29T21:15:14
2026-09-29,3324,3324.TWO,雙鴻,3,3,主升段,3,1630.0,-4.68,1680.0,1680.0,1595.0,3797371,6189714730,1611.0,1484.5,1435.25,1120.5333,1090.025,1750.0,810.0,116.05,6.86,4653602,4371296,0.87,18.63,2026-08,3141249.0,67.18,-16.58,81.01,S3:多頭排列｜5MA斜率18.63%｜距60日高6.9%,2026-09-29T21:15:29
2026-09-29,3437,3437.TW,榮創,3,3,主升段,3,22.4,1.82,21.55,22.65,21.5,2065175,46259919,21.98,20.64,19.4625,18.605,21.2688,24.3,15.3,58.82,7.82,4402786,2310473,0.89,13.89,2026-08,70379.0,-42.51,-35.98,-19.03,S3:多頭排列｜5MA斜率13.89%｜距60日高7.8%,2026-09-29T21:16:43
2026-09-29,3455,3455.TWO,由田,3,3,主升段,3,267.0,3.49,258.5,276.0,256.0,5476445,1462210815,254.6,247.1,244.375,223.85,232.3333,273.5,145.0,88.62,2.38,2661496,2311064,2.37,6.26,2026-08,206308.0,22.43,37.95,-20.02,S3:多頭排列｜5MA斜率6.26%｜距60日高2.4%,2026-09-29T21:17:02
2026-09-29,3491,3491.TWO,昇達科,0,0,蓄勢,0,1510.0,-2.89,1595.0,1630.0,1510.0,1502650,2269001500,1526.0,1486.5,1465.25,1319.1167,1507.1833,1580.0,909.0,73.82,4.43,1340320,1496523,1.0,5.46,2026-08,321180.0,93.19,39.56,73.4,S0:距60日高4.4%｜5MA斜率5.46%｜量比1.00（未爆量）,2026-09-29T21:17:30
2026-09-29,3498,3498.TWO,陽程,3,3,主升段,3,235.0,9.81,216.0,235.0,212.0,4755184,1117468240,209.9,198.35,196.775,155.1633,135.2633,221.5,84.1,163.38,-6.09,3012189,3004995,1.58,12.37,2026-08,359366.0,326.05,-16.31,154.8,S3:多頭排列｜5MA斜率12.37%｜距60日高-6.1%,2026-09-29T21:17:37
2026-09-29,3518,3518.TW,柏騰,3,3,主升段,3,37.4,10.0,35.0,37.4,35.0,5591844,209134974,33.55,31.975,31.04,28.9033,30.0812,38.0,22.35,70.02,1.58,3144541,1664294,3.36,10.36,2026-08,22709.0,-18.87,-2.42,-25.06,S3:多頭排列｜5MA斜率10.36%｜距60日高1.6%,2026-09-29T21:18:00
2026-09-29,3529,3529.TWO,力旺,3,3,主升段,3,3305.0,2.32,3175.0,3410.0,3145.0,2143604,7084611220,3156.0,2939.0,2751.25,2573.25,3060.5417,3350.0,1995.0,67.92,1.34,1859886,1736996,1.23,15.94,2026-08,356928.0,42.77,-47.19,21.9,S3:多頭排列｜5MA斜率15.94%｜距60日高1.3%,2026-09-29T21:18:19
2026-09-29,3563,3563.TW,牧德,3,3,主升段,3,794.0,3.25,773.0,815.0,773.0,1730966,1374387004,737.4,694.7,691.35,679.9667,751.0667,816.0,552.0,47.83,2.7,1311429,620907,2.79,13.1,2026-08,361158.0,35.68,0.42,14.39,S3:多頭排列｜5MA斜率13.10%｜距60日高2.7%,2026-09-29T21:19:10
2026-09-29,3580,3580.TWO,友威科,2,2,黃金發動期,"2,3",111.0,8.82,102.5,111.5,100.5,3247875,360514125,102.94,96.68,91.06,85.035,90.1483,105.5,65.4,61.31,-5.21,1638497,887914,3.66,13.85,2026-08,46361.0,26.86,55.99,-6.0,S2:量能3.7x｜創60日新高｜站上60/120MA｜實體長紅,2026-09-29T21:19:27
2026-09-29,3605,3605.TW,宏致,0,0,蓄勢,0,182.5,-0.54,182.0,190.5,179.0,12428721,2268241582,177.3,157.45,141.15,113.8633,95.5427,188.5,72.5,160.0,3.18,29744857,21087917,0.59,28.85,2026-08,1097137.0,17.24,-4.94,17.16,S0:距60日高3.2%｜5MA斜率28.85%｜量比0.59（未爆量）,2026-09-29T21:19:53
2026-09-29,3653,3653.TW,健策,3,3,主升段,3,6895.0,-0.36,7000.0,7160.0,6850.0,1591830,10975667850,6369.0,5909.5,5837.5,4681.25,4341.875,6920.0,2990.0,131.44,0.36,1490170,1190186,1.34,16.86,2026-08,3225888.0,90.9,0.4,42.93,S3:多頭排列｜5MA斜率16.86%｜距60日高0.4%,2026-09-29T21:20:39
2026-09-29,3665,3665.TW,貿聯-KY,3,3,主升段,3,2445.0,4.49,2385.0,2465.0,2375.0,4308131,10533380295,2334.0,2182.0,2125.25,2100.5833,2197.8333,2555.0,1685.0,51.63,4.31,4403210,3111950,1.38,14.98,2026-08,8891805.0,53.99,-7.67,40.01,S3:多頭排列｜5MA斜率14.98%｜距60日高4.3%,2026-09-29T21:20:50
2026-09-29,3680,3680.TWO,家登,0,0,蓄勢,0,548.0,1.11,536.0,555.0,536.0,1022846,560519608,540.8,527.05,525.825,486.15,501.4667,573.0,365.0,56.99,4.36,1357153,1973051,0.52,5.36,2026-08,839771.0,49.94,-3.58,31.32,S0:距60日高4.4%｜5MA斜率5.36%｜量比0.52（未爆量）,2026-09-29T21:21:07
2026-09-29,3711,3711.TW,日月光投控,0,0,蓄勢,0,687.0,-1.72,685.0,693.0,678.0,13784732,9470110884,687.0,649.6,630.15,619.0167,585.4333,712.0,465.5,52.95,3.51,15459963,16921424,0.81,12.22,2026-08,82247374.0,45.66,11.47,27.98,S0:距60日高3.5%｜5MA斜率12.22%｜量比0.81（未爆量）,2026-09-29T21:21:53
2026-09-29,4540,4540.TW,全球傳動,3,3,主升段,3,62.6,4.33,60.2,62.7,60.0,5023803,314490060,60.5,59.48,59.22,56.8533,59.9767,66.5,42.2,57.58,5.86,2492389,2286715,2.2,3.49,2026-08,315648.0,45.04,3.1,43.82,S3:多頭排列｜5MA斜率3.49%｜距60日高5.9%,2026-09-29T21:26:01
2026-09-29,4770,4770.TW,上品,3,3,主升段,3,286.5,1.78,277.0,295.0,277.0,2097588,600958962,270.1,250.85,239.725,224.4333,226.6583,290.0,202.0,43.56,1.21,2520479,1210391,1.73,16.62,2026-08,492005.0,-29.5,-6.56,1.48,S3:多頭排列｜5MA斜率16.62%｜距60日高1.2%,2026-09-29T21:28:38
2026-09-29,4771,4771.TW,望隼,0,0,蓄勢,0,211.5,-0.24,213.5,215.0,211.0,75000,15862500,215.3,212.5,211.075,203.2083,197.7667,221.5,176.0,25.85,4.51,171425,217723,0.34,2.67,2026-08,436901.0,70.64,38.89,34.12,S0:距60日高4.5%｜5MA斜率2.67%｜量比0.34（未爆量）,2026-09-29T21:28:41
2026-09-29,4903,4903.TWO,聯光通,3,3,主升段,3,42.8,-0.47,42.75,44.3,42.2,6307877,269977130,42.27,38.625,37.515,37.3417,40.8737,43.9,31.8,38.05,2.51,8964904,3094883,2.04,20.84,2026-08,70096.0,-51.78,-20.66,10.52,S3:多頭排列｜5MA斜率20.84%｜距60日高2.5%,2026-09-29T21:28:53
2026-09-29,4956,4956.TW,光鋐,3,3,主升段,3,46.0,3.37,43.55,46.2,43.5,16011914,736548044,44.62,40.515,37.7675,33.8108,38.7992,47.85,23.5,103.62,3.87,23527320,9253984,1.73,22.55,2026-08,106246.0,-15.94,-11.58,4.87,S3:多頭排列｜5MA斜率22.55%｜距60日高3.9%,2026-09-29T21:30:09
2026-09-29,5465,5465.TWO,富驊,2,2,黃金發動期,2,34.7,1.46,35.35,36.95,34.25,3225080,111910278,32.42,28.57,26.48,24.2475,24.9367,34.2,20.8,64.42,-1.46,2919416,797305,4.04,31.15,2026-08,410577.0,-4.37,9.4,-31.38,S2:量能4.0x｜創60日新高｜站上60/120MA｜向上跳空,2026-09-29T21:34:45
2026-09-29,6133,6133.TW,金橋,3,3,主升段,3,28.5,9.83,25.9,28.5,25.9,9917971,282662173,27.14,25.91,24.7025,23.0192,23.0054,29.4,18.65,57.64,3.06,6647041,4091546,2.42,9.97,2026-08,121423.0,2.15,-10.27,6.65,S3:多頭排列｜5MA斜率9.97%｜距60日高3.1%,2026-09-29T21:38:38
2026-09-29,6168,6168.TW,宏齊,0,0,蓄勢,0,45.2,2.73,44.4,45.55,44.3,5589932,252664930,43.42,38.265,33.5075,28.1642,27.9317,45.6,19.55,133.25,0.88,23646940,13207065,0.42,31.14,2026-08,221377.0,18.52,7.7,9.29,S0:距60日高0.9%｜5MA斜率31.14%｜量比0.42（未爆量）,2026-09-29T21:39:52
2026-09-29,6199,6199.TWO,天品,3,3,主升段,3,126.0,1.61,125.0,127.0,124.5,7890025,994143150,120.6,112.65,104.22,100.6717,99.6942,125.0,89.8,39.2,-0.8,6839060,3393805,2.32,15.19,2026-08,82949.0,171.7,6.95,527.79,S3:多頭排列｜5MA斜率15.19%｜距60日高-0.8%,2026-09-29T21:40:57
2026-09-29,6213,6213.TW,聯茂,3,3,主升段,3,620.0,4.2,620.0,628.0,588.0,27019682,16752202840,568.2,542.5,533.1,442.2083,359.1083,599.0,237.0,152.74,-3.51,18609749,16390866,1.65,9.95,2026-08,5044034.0,97.93,6.21,42.25,S3:多頭排列｜5MA斜率9.95%｜距60日高-3.5%,2026-09-29T21:41:28
2026-09-29,6245,6245.TWO,立端,3,3,主升段,3,88.7,3.5,86.1,88.7,86.0,1219586,108177274,86.62,85.57,82.675,81.995,82.255,91.1,72.4,25.83,2.63,1116263,984896,1.24,2.48,2026-08,802502.0,38.36,-23.82,20.67,S3:多頭排列｜5MA斜率2.48%｜距60日高2.6%,2026-09-29T21:42:41
2026-09-29,6278,6278.TW,台表科,3,3,主升段,3,216.0,1.89,209.0,221.5,209.0,11046647,2386075752,209.0,197.4,195.975,180.075,185.5567,218.5,128.0,70.7,1.14,10584379,4754336,2.32,12.49,2026-08,4628384.0,10.87,-0.85,5.23,S3:多頭排列｜5MA斜率12.49%｜距60日高1.1%,2026-09-29T21:43:27
2026-09-29,6292,6292.TWO,迅德,0,0,蓄勢,0,66.8,-0.3,66.9,67.5,66.0,172000,11489600,66.66,66.17,64.925,59.9808,57.8433,69.0,46.1,49.67,3.19,260014,329781,0.52,1.49,2026-08,110189.0,30.69,-6.38,30.59,S0:距60日高3.2%｜5MA斜率1.49%｜量比0.52（未爆量）,2026-09-29T21:43:48
2026-09-29,6425,6425.TWO,易發,3,3,主升段,3,74.0,4.08,70.1,74.5,69.9,1057195,78232430,73.12,67.91,66.02,62.0383,72.3925,78.3,48.5,61.44,5.49,2434122,1081367,0.98,16.62,2026-08,159422.0,93.96,-10.82,56.13,S3:多頭排列｜5MA斜率16.62%｜距60日高5.5%,2026-09-29T21:44:20
2026-09-29,6456,6456.TW,GIS-KY,3,3,主升段,3,89.4,9.96,85.0,89.4,84.1,18768806,1677931285,78.96,71.5,69.695,66.94,69.9692,82.5,50.8,62.4,-8.36,19023996,6766963,2.77,23.3,2026-08,4210995.0,-29.98,3.18,-23.62,S3:多頭排列｜5MA斜率23.30%｜距60日高-8.4%,2026-09-29T21:44:51
2026-09-29,6491,6491.TW,晶碩,0,0,蓄勢,0,406.0,1.0,402.0,406.0,399.5,209174,84924644,405.3,398.8,390.3,370.2167,338.5833,411.0,309.0,33.01,1.22,284651,373825,0.56,3.31,2026-08,750382.0,18.88,0.64,22.5,S0:距60日高1.2%｜5MA斜率3.31%｜量比0.56（未爆量）,2026-09-29T21:45:26
2026-09-29,6505,6505.TW,台塑化,3,3,主升段,3,94.3,8.14,90.0,95.5,89.9,40262987,3796799796,88.9,86.34,83.175,75.4733,64.3858,97.9,57.1,71.45,3.68,19048719,26408676,1.52,6.11,2026-08,81905673.0,50.29,9.47,16.72,S3:多頭排列｜5MA斜率6.11%｜距60日高3.7%,2026-09-29T21:45:44
2026-09-29,6526,6526.TW,達發,3,3,主升段,3,814.0,-3.1,825.0,833.0,800.0,1704800,1387707200,796.4,718.4,678.25,626.0167,632.8208,862.0,485.0,77.73,5.57,3611775,1430701,1.19,24.36,2026-08,2339350.0,26.11,2.21,12.53,S3:多頭排列｜5MA斜率24.36%｜距60日高5.6%,2026-09-29T21:46:12
2026-09-29,6533,6533.TW,晶心科,2,2,黃金發動期,"2,3",303.5,9.96,272.5,303.5,268.0,10905013,3309671445,269.7,255.6,254.1333,238.0028,228.5431,278.5,187.5,48.53,-8.98,5084249,2563046,4.25,11.68,2026-08,114014.0,-25.73,-5.21,40.4,S2:量能4.3x｜創60日新高｜站上60/120MA｜實體長紅,2026-09-29T21:46:25
2026-09-29,6589,6589.TW,台康生技,0,0,蓄勢,0,51.6,0.39,51.5,51.8,51.0,353192,18224706,52.1,51.005,49.35,48.72,47.3817,53.9,44.3,21.67,4.27,688805,666205,0.53,4.39,2026-08,163669.0,125.91,-22.72,78.03,S0:距60日高4.3%｜5MA斜率4.39%｜量比0.53（未爆量）,2026-09-29T21:47:38
2026-09-29,6603,6603.TWO,富強鑫,3,3,主升段,3,29.25,7.14,27.5,29.65,27.4,4573372,133771131,28.09,27.325,26.185,26.1167,24.935,30.5,23.3,30.9,4.1,3042359,2116468,2.16,5.76,2026-08,412012.0,-11.7,-7.0,1.44,S3:多頭排列｜5MA斜率5.76%｜距60日高4.1%,2026-09-29T21:47:57
2026-09-29,6605,6605.TW,帝寶,1,1,潛伏期,"0,1",138.0,-0.36,139.0,139.0,137.0,174033,24016554,139.0,137.95,137.55,135.6917,135.125,142.0,125.0,13.6,2.82,155590,255761,0.68,1.53,2026-08,1782033.0,28.25,3.11,3.08,S1:60日震盪13.6%｜5日量/20日量=0.61｜區間位置76%,2026-09-29T21:48:00
2026-09-29,6643,6643.TWO,M31,3,3,主升段,3,505.0,-1.94,509.0,534.0,502.0,1553600,784568000,492.8,461.05,439.1,431.0083,488.9,536.0,362.0,48.07,5.78,1666762,769062,2.02,14.79,2026-08,176341.0,73.08,6.47,4.06,S3:多頭排列｜5MA斜率14.79%｜距60日高5.8%,2026-09-29T21:48:43
2026-09-29,6672,6672.TW,騰輝電子-KY,3,3,主升段,3,335.5,-0.59,330.5,335.5,321.0,8031908,2694705134,318.4,307.7,296.925,268.3167,241.9792,337.5,178.0,89.61,0.59,7153883,5756278,1.4,7.21,2026-08,805877.0,133.24,21.13,53.6,S3:多頭排列｜5MA斜率7.21%｜距60日高0.6%,2026-09-29T21:49:21
2026-09-29,6870,6870.TWO,騰雲,0,0,蓄勢,0,330.5,-1.78,335.5,335.5,328.5,49153,16245066,321.3,319.0,303.2,275.0459,243.239,340.0,219.0,55.25,2.79,323848,202484,0.24,1.45,2026-08,95070.0,34.14,5.25,45.11,S0:距60日高2.8%｜5MA斜率1.45%｜量比0.24（未爆量）,2026-09-29T21:52:52
2026-09-29,6925,6925.TWO,意藍,2,2,黃金發動期,2,75.0,9.97,72.0,75.0,71.0,2026100,151957500,63.88,60.97,55.4425,54.3408,59.7521,68.2,48.7,40.04,-9.97,862168,308408,6.57,10.02,2026-08,16174.0,-4.41,0.1,2.93,S2:量能6.6x｜創60日新高｜站上60/120MA｜實體長紅+向上跳空,2026-09-29T21:54:07
2026-09-29,6933,6933.TW,AMAX-KY,3,3,主升段,3,378.0,-1.82,385.5,395.0,375.5,4070083,1538491374,349.8,334.25,325.875,225.0667,195.425,385.0,135.0,185.19,1.82,2819525,1807528,2.25,9.76,2026-08,1356656.0,191.26,-5.75,51.58,S3:多頭排列｜5MA斜率9.76%｜距60日高1.8%,2026-09-29T21:54:18
2026-09-29,6937,6937.TW,天虹,3,3,主升段,3,308.0,2.5,300.5,314.0,299.5,1151146,354552968,302.1,295.6,291.55,275.8583,286.2083,315.5,229.0,37.77,2.38,648860,574326,2.0,4.5,2026-08,265278.0,123.29,27.87,45.3,S3:多頭排列｜5MA斜率4.50%｜距60日高2.4%,2026-09-29T21:54:26
2026-09-29,6957,6957.TW,裕慶-KY,3,3,主升段,3,337.5,9.93,334.5,337.5,307.5,830103,280159762,306.6,282.1,251.475,232.1083,202.0458,312.0,190.0,64.21,-8.17,617771,285885,2.9,19.02,2026-08,244936.0,-31.15,10.67,8.5,S3:多頭排列｜5MA斜率19.02%｜距60日高-8.2%,2026-09-29T21:54:41
2026-09-29,8040,8040.TWO,九暘,3,3,主升段,3,100.0,5.82,93.0,102.5,92.5,8665254,866525400,90.84,84.91,81.18,77.725,83.5629,105.0,60.5,73.55,4.76,6956599,3090057,2.8,15.02,2026-08,86725.0,54.12,3.38,34.81,S3:多頭排列｜5MA斜率15.02%｜距60日高4.8%,2026-09-29T21:58:25
2026-09-29,8064,8064.TWO,東捷,3,3,主升段,3,141.5,1.8,139.0,148.5,138.0,21932031,3103382386,137.1,129.15,122.375,113.325,118.4533,149.0,82.0,81.71,5.03,13746561,11395216,1.92,13.12,2026-08,145707.0,-43.5,1.41,-0.91,S3:多頭排列｜5MA斜率13.12%｜距60日高5.0%,2026-09-29T21:58:54
2026-09-29,8227,8227.TWO,巨有科技,3,3,主升段,3,337.0,9.95,313.0,337.0,308.0,2485851,837731787,309.2,284.55,232.0,182.0,183.7375,316.0,128.0,146.88,-6.65,1383200,3079716,0.81,18.97,2026-08,149751.0,42.25,14.2,73.17,S3:多頭排列｜5MA斜率18.97%｜距60日高-6.6%,2026-09-29T22:01:00
2026-09-29,8240,8240.TWO,華宏,3,3,主升段,3,54.5,4.81,53.6,57.0,53.6,4451780,242622010,52.3,51.145,51.0475,45.9075,54.0829,56.6,35.5,59.44,3.71,1590541,1422022,3.13,4.62,2026-08,527855.0,-12.59,-7.55,-10.18,S3:多頭排列｜5MA斜率4.62%｜距60日高3.7%,2026-09-29T22:01:06
2026-09-29,8431,8431.TWO,匯鑽科,3,3,主升段,3,66.3,4.74,62.3,68.5,62.3,2570148,170400820,64.24,63.61,62.265,52.78,55.7954,70.3,43.5,61.61,5.69,2437589,3159528,0.81,2.0,2026-08,87357.0,-13.41,6.73,-10.24,S3:多頭排列｜5MA斜率2.00%｜距60日高5.7%,2026-09-29T22:02:35
2026-09-29,8996,8996.TW,高力,3,3,主升段,3,1585.0,3.59,1505.0,1625.0,1480.0,4986784,7904052640,1563.0,1430.0,1342.0,1192.7833,1197.8833,1655.0,774.0,113.82,4.23,4151977,4036091,1.24,20.51,2026-08,1203933.0,112.84,30.48,115.03,S3:多頭排列｜5MA斜率20.51%｜距60日高4.2%,2026-09-29T22:04:47
2026-09-29,9904,9904.TW,寶成,0,0,蓄勢,0,24.8,-0.6,25.0,25.0,24.8,8296872,205762419,24.82,24.64,24.61,24.4392,25.3237,25.6,23.3,9.87,3.13,8727292,10095858,0.82,1.47,2026-08,20621794.0,4.33,5.41,-1.77,S0:距60日高3.1%｜5MA斜率1.47%｜量比0.82（未爆量）,2026-09-29T22:04:54
